"","Atoll_Island","Species","Census","Value.high.nn","Value.high.nn.q2.5","Value.high.nn.q97.5","Value.low.nn","Value.low.nn.q2.5","Value.low.nn.q.97.5","Size_Ha","Season.length","Mass","Defecation.rate","NitrogenInput.Current","NitrogenInput.high.nn","NitrogenInput.low.nn"
"7","Great_Chagos_Bank_Eagle_Island","Ardenna_pacifica",0,0,0,0,0,0,0,243.5,159,0.435,14.3091066075762,0,0,0
"13","Peros_Banhos_Coin","Ardenna_pacifica",0,0,0,0,0,0,0,127.5,159,0.435,14.3091066075762,0,0,0
"15","Peros_Banhos_Monpatre_complex","Ardenna_pacifica",0,0,0,0,0,0,0,4.5,159,0.435,14.3091066075762,0,0,0
"16","Peros_Banhos_Poule","Ardenna_pacifica",0,0,0,0,0,0,0,108,159,0.435,14.3091066075762,0,0,0
"17","Peros_Banhos_Petit_Souer","Ardenna_pacifica",0,0,0,0,0,0,0,41.5,159,0.435,14.3091066075762,0,0,0
"18","Peros_Banhos_Grand_Souer","Ardenna_pacifica",0,0,0,0,0,0,0,64,159,0.435,14.3091066075762,0,0,0
"23","Peros_Banhos_Pierre","Ardenna_pacifica",0,0,0,0,0,0,0,150,159,0.435,14.3091066075762,0,0,0
"24","Peros_Banhos_Petite_Mapou","Ardenna_pacifica",0,0,0,0,0,0,0,10,159,0.435,14.3091066075762,0,0,0
"25","Peros_Banhos_Grande_Mapou","Ardenna_pacifica",0,0,0,0,0,0,0,19.5,159,0.435,14.3091066075762,0,0,0
"26","Peros_Banhos_Diamant","Ardenna_pacifica",0,0,0,0,0,0,0,88.5,159,0.435,14.3091066075762,0,0,0
"27","Peros_Banhos_Passe","Ardenna_pacifica",0,0,0,0,0,0,0,22.5,159,0.435,14.3091066075762,0,0,0
"28","Peros_Banhos_Moresby","Ardenna_pacifica",0,0,0,0,0,0,0,43.5,159,0.435,14.3091066075762,0,0,0
"36","Peros_Banhos_Yeye","Ardenna_pacifica",0,0,0,0,0,0,0,58.5,159,0.435,14.3091066075762,0,0,0
"41","Peros_Banhos_Fouquet","Ardenna_pacifica",0,0,0,0,0,0,0,2,159,0.435,14.3091066075762,0,0,0
"42","Peros_Banhos_Mapou_de_Coin","Ardenna_pacifica",0,0,0,0,0,0,0,2,159,0.435,14.3091066075762,0,0,0
"43","Salomon_Islands_Boddam","Ardenna_pacifica",0,0,0,0,0,0,0,108.5,159,0.435,14.3091066075762,0,0,0
"44","Salomon_Islands_Diable","Ardenna_pacifica",0,0,0,0,0,0,0,0.5,159,0.435,14.3091066075762,0,0,0
"45","Salomon_Islands_Anglaise","Ardenna_pacifica",0,0,0,0,0,0,0,75.5,159,0.435,14.3091066075762,0,0,0
"48","Salomon_Islands_Takamaka","Ardenna_pacifica",0,0,0,0,0,0,0,44,159,0.435,14.3091066075762,0,0,0
"49","Salomon_Islands_Fouquet","Ardenna_pacifica",0,0,0,0,0,0,0,39.5,159,0.435,14.3091066075762,0,0,0
"50","Salomon_Islands_Sepulture","Ardenna_pacifica",0,0,0,0,0,0,0,0.5,159,0.435,14.3091066075762,0,0,0
"53","Salomon_Islands_Poule","Ardenna_pacifica",0,0,0,0,0,0,0,0.5,159,0.435,14.3091066075762,0,0,0
"60","Great_Chagos_Bank_Eagle_Island","Puffinus_bailloni",0,0,0,0,0,0,0,243.5,118.5,0.19,8.49139524097329,0,0,0
"66","Peros_Banhos_Coin","Puffinus_bailloni",0,0,0,0,0,0,0,127.5,118.5,0.19,8.49139524097329,0,0,0
"68","Peros_Banhos_Monpatre_complex","Puffinus_bailloni",0,0,0,0,0,0,0,4.5,118.5,0.19,8.49139524097329,0,0,0
"69","Peros_Banhos_Poule","Puffinus_bailloni",0,0,0,0,0,0,0,108,118.5,0.19,8.49139524097329,0,0,0
"70","Peros_Banhos_Petit_Souer","Puffinus_bailloni",0,0,0,0,0,0,0,41.5,118.5,0.19,8.49139524097329,0,0,0
"71","Peros_Banhos_Grand_Souer","Puffinus_bailloni",0,0,0,0,0,0,0,64,118.5,0.19,8.49139524097329,0,0,0
"76","Peros_Banhos_Pierre","Puffinus_bailloni",0,0,0,0,0,0,0,150,118.5,0.19,8.49139524097329,0,0,0
"77","Peros_Banhos_Petite_Mapou","Puffinus_bailloni",0,0,0,0,0,0,0,10,118.5,0.19,8.49139524097329,0,0,0
"78","Peros_Banhos_Grande_Mapou","Puffinus_bailloni",0,0,0,0,0,0,0,19.5,118.5,0.19,8.49139524097329,0,0,0
"79","Peros_Banhos_Diamant","Puffinus_bailloni",0,0,0,0,0,0,0,88.5,118.5,0.19,8.49139524097329,0,0,0
"80","Peros_Banhos_Passe","Puffinus_bailloni",0,0,0,0,0,0,0,22.5,118.5,0.19,8.49139524097329,0,0,0
"81","Peros_Banhos_Moresby","Puffinus_bailloni",0,0,0,0,0,0,0,43.5,118.5,0.19,8.49139524097329,0,0,0
"89","Peros_Banhos_Yeye","Puffinus_bailloni",0,0,0,0,0,0,0,58.5,118.5,0.19,8.49139524097329,0,0,0
"94","Peros_Banhos_Fouquet","Puffinus_bailloni",0,0,0,0,0,0,0,2,118.5,0.19,8.49139524097329,0,0,0
"95","Peros_Banhos_Mapou_de_Coin","Puffinus_bailloni",0,0,0,0,0,0,0,2,118.5,0.19,8.49139524097329,0,0,0
"96","Salomon_Islands_Boddam","Puffinus_bailloni",0,0,0,0,0,0,0,108.5,118.5,0.19,8.49139524097329,0,0,0
"97","Salomon_Islands_Diable","Puffinus_bailloni",0,0,0,0,0,0,0,0.5,118.5,0.19,8.49139524097329,0,0,0
"98","Salomon_Islands_Anglaise","Puffinus_bailloni",0,0,0,0,0,0,0,75.5,118.5,0.19,8.49139524097329,0,0,0
"101","Salomon_Islands_Takamaka","Puffinus_bailloni",0,0,0,0,0,0,0,44,118.5,0.19,8.49139524097329,0,0,0
"102","Salomon_Islands_Fouquet","Puffinus_bailloni",0,0,0,0,0,0,0,39.5,118.5,0.19,8.49139524097329,0,0,0
"103","Salomon_Islands_Sepulture","Puffinus_bailloni",0,0,0,0,0,0,0,0.5,118.5,0.19,8.49139524097329,0,0,0
"106","Salomon_Islands_Poule","Puffinus_bailloni",0,0,0,0,0,0,0,0.5,118.5,0.19,8.49139524097329,0,0,0
"113","Great_Chagos_Bank_Eagle_Island","Phaethon_lepturus",1,1,1,1,1,1,1,243.5,119.5,0.32,11.7925784424493,0.00104750544320722,0.00104750544320722,0.00104750544320722
"119","Peros_Banhos_Coin","Phaethon_lepturus",0,0,0,0,0,0,0,127.5,119.5,0.32,11.7925784424493,0,0,0
"121","Peros_Banhos_Monpatre_complex","Phaethon_lepturus",0,0,0,0,0,0,0,4.5,119.5,0.32,11.7925784424493,0,0,0
"122","Peros_Banhos_Poule","Phaethon_lepturus",1,1,1,1,1,1,1,108,119.5,0.32,11.7925784424493,0.00236173680945331,0.00236173680945331,0.00236173680945331
"123","Peros_Banhos_Petit_Souer","Phaethon_lepturus",0,0,0,0,0,0,0,41.5,119.5,0.32,11.7925784424493,0,0,0
"124","Peros_Banhos_Grand_Souer","Phaethon_lepturus",0,0,0,0,0,0,0,64,119.5,0.32,11.7925784424493,0,0,0
"129","Peros_Banhos_Pierre","Phaethon_lepturus",0,0,0,0,0,0,0,150,119.5,0.32,11.7925784424493,0,0,0
"130","Peros_Banhos_Petite_Mapou","Phaethon_lepturus",0,0,0,0,0,0,0,10,119.5,0.32,11.7925784424493,0,0,0
"131","Peros_Banhos_Grande_Mapou","Phaethon_lepturus",0,0,0,0,0,0,0,19.5,119.5,0.32,11.7925784424493,0,0,0
"132","Peros_Banhos_Diamant","Phaethon_lepturus",0,0,0,0,0,0,0,88.5,119.5,0.32,11.7925784424493,0,0,0
"133","Peros_Banhos_Passe","Phaethon_lepturus",0,0,0,0,0,0,0,22.5,119.5,0.32,11.7925784424493,0,0,0
"134","Peros_Banhos_Moresby","Phaethon_lepturus",1,1,1,1,1,1,1,43.5,119.5,0.32,11.7925784424493,0.00586362242347029,0.00586362242347029,0.00586362242347029
"142","Peros_Banhos_Yeye","Phaethon_lepturus",0,0,0,0,0,0,0,58.5,119.5,0.32,11.7925784424493,0,0,0
"147","Peros_Banhos_Fouquet","Phaethon_lepturus",0,0,0,0,0,0,0,2,119.5,0.32,11.7925784424493,0,0,0
"148","Peros_Banhos_Mapou_de_Coin","Phaethon_lepturus",0,0,0,0,0,0,0,2,119.5,0.32,11.7925784424493,0,0,0
"149","Salomon_Islands_Boddam","Phaethon_lepturus",1,1,1,1,1,1,1,108.5,119.5,0.32,11.7925784424493,0.00235085322968624,0.00235085322968624,0.00235085322968624
"150","Salomon_Islands_Diable","Phaethon_lepturus",0,0,0,0,0,0,0,0.5,119.5,0.32,11.7925784424493,0,0,0
"151","Salomon_Islands_Anglaise","Phaethon_lepturus",0,0,0,0,0,0,0,75.5,119.5,0.32,11.7925784424493,0,0,0
"154","Salomon_Islands_Takamaka","Phaethon_lepturus",5,5,5,5,5,5,5,44,119.5,0.32,11.7925784424493,0.0289849517523815,0.0289849517523815,0.0289849517523815
"155","Salomon_Islands_Fouquet","Phaethon_lepturus",1,1,1,1,1,1,1,39.5,119.5,0.32,11.7925784424493,0.00645740697268247,0.00645740697268247,0.00645740697268247
"156","Salomon_Islands_Sepulture","Phaethon_lepturus",0,0,0,0,0,0,0,0.5,119.5,0.32,11.7925784424493,0,0,0
"159","Salomon_Islands_Poule","Phaethon_lepturus",0,0,0,0,0,0,0,0.5,119.5,0.32,11.7925784424493,0,0,0
"166","Great_Chagos_Bank_Eagle_Island","Phaethon_rubricauda",0,0,0,0,0,0,0,243.5,130,0.675,18.872336185811,0,0,0
"172","Peros_Banhos_Coin","Phaethon_rubricauda",0,0,0,0,0,0,0,127.5,130,0.675,18.872336185811,0,0,0
"174","Peros_Banhos_Monpatre_complex","Phaethon_rubricauda",0,0,0,0,0,0,0,4.5,130,0.675,18.872336185811,0,0,0
"175","Peros_Banhos_Poule","Phaethon_rubricauda",0,0,0,0,0,0,0,108,130,0.675,18.872336185811,0,0,0
"176","Peros_Banhos_Petit_Souer","Phaethon_rubricauda",0,0,0,0,0,0,0,41.5,130,0.675,18.872336185811,0,0,0
"177","Peros_Banhos_Grand_Souer","Phaethon_rubricauda",0,0,0,0,0,0,0,64,130,0.675,18.872336185811,0,0,0
"182","Peros_Banhos_Pierre","Phaethon_rubricauda",0,0,0,0,0,0,0,150,130,0.675,18.872336185811,0,0,0
"183","Peros_Banhos_Petite_Mapou","Phaethon_rubricauda",0,0,0,0,0,0,0,10,130,0.675,18.872336185811,0,0,0
"184","Peros_Banhos_Grande_Mapou","Phaethon_rubricauda",0,0,0,0,0,0,0,19.5,130,0.675,18.872336185811,0,0,0
"185","Peros_Banhos_Diamant","Phaethon_rubricauda",0,0,0,0,0,0,0,88.5,130,0.675,18.872336185811,0,0,0
"186","Peros_Banhos_Passe","Phaethon_rubricauda",0,0,0,0,0,0,0,22.5,130,0.675,18.872336185811,0,0,0
"187","Peros_Banhos_Moresby","Phaethon_rubricauda",0,0,0,0,0,0,0,43.5,130,0.675,18.872336185811,0,0,0
"195","Peros_Banhos_Yeye","Phaethon_rubricauda",0,0,0,0,0,0,0,58.5,130,0.675,18.872336185811,0,0,0
"200","Peros_Banhos_Fouquet","Phaethon_rubricauda",0,0,0,0,0,0,0,2,130,0.675,18.872336185811,0,0,0
"201","Peros_Banhos_Mapou_de_Coin","Phaethon_rubricauda",0,0,0,0,0,0,0,2,130,0.675,18.872336185811,0,0,0
"202","Salomon_Islands_Boddam","Phaethon_rubricauda",0,0,0,0,0,0,0,108.5,130,0.675,18.872336185811,0,0,0
"203","Salomon_Islands_Diable","Phaethon_rubricauda",0,0,0,0,0,0,0,0.5,130,0.675,18.872336185811,0,0,0
"204","Salomon_Islands_Anglaise","Phaethon_rubricauda",0,0,0,0,0,0,0,75.5,130,0.675,18.872336185811,0,0,0
"207","Salomon_Islands_Takamaka","Phaethon_rubricauda",0,0,0,0,0,0,0,44,130,0.675,18.872336185811,0,0,0
"208","Salomon_Islands_Fouquet","Phaethon_rubricauda",0,0,0,0,0,0,0,39.5,130,0.675,18.872336185811,0,0,0
"209","Salomon_Islands_Sepulture","Phaethon_rubricauda",0,0,0,0,0,0,0,0.5,130,0.675,18.872336185811,0,0,0
"212","Salomon_Islands_Poule","Phaethon_rubricauda",0,0,0,0,0,0,0,0.5,130,0.675,18.872336185811,0,0,0
"219","Great_Chagos_Bank_Eagle_Island","Sula_dactylatra",0,0,0,0,0,0,0,243.5,273,2.1,38.5800195275746,0,0,0
"225","Peros_Banhos_Coin","Sula_dactylatra",0,0,0,0,0,0,0,127.5,273,2.1,38.5800195275746,0,0,0
"227","Peros_Banhos_Monpatre_complex","Sula_dactylatra",0,0,0,0,0,0,0,4.5,273,2.1,38.5800195275746,0,0,0
"228","Peros_Banhos_Poule","Sula_dactylatra",0,0,0,0,0,0,0,108,273,2.1,38.5800195275746,0,0,0
"229","Peros_Banhos_Petit_Souer","Sula_dactylatra",0,0,0,0,0,0,0,41.5,273,2.1,38.5800195275746,0,0,0
"230","Peros_Banhos_Grand_Souer","Sula_dactylatra",0,0,0,0,0,0,0,64,273,2.1,38.5800195275746,0,0,0
"235","Peros_Banhos_Pierre","Sula_dactylatra",0,0,0,0,0,0,0,150,273,2.1,38.5800195275746,0,0,0
"236","Peros_Banhos_Petite_Mapou","Sula_dactylatra",0,0,0,0,0,0,0,10,273,2.1,38.5800195275746,0,0,0
"237","Peros_Banhos_Grande_Mapou","Sula_dactylatra",0,0,0,0,0,0,0,19.5,273,2.1,38.5800195275746,0,0,0
"238","Peros_Banhos_Diamant","Sula_dactylatra",0,0,0,0,0,0,0,88.5,273,2.1,38.5800195275746,0,0,0
"239","Peros_Banhos_Passe","Sula_dactylatra",0,0,0,0,0,0,0,22.5,273,2.1,38.5800195275746,0,0,0
"240","Peros_Banhos_Moresby","Sula_dactylatra",0,0,0,0,0,0,0,43.5,273,2.1,38.5800195275746,0,0,0
"248","Peros_Banhos_Yeye","Sula_dactylatra",0,0,0,0,0,0,0,58.5,273,2.1,38.5800195275746,0,0,0
"253","Peros_Banhos_Fouquet","Sula_dactylatra",0,0,0,0,0,0,0,2,273,2.1,38.5800195275746,0,0,0
"254","Peros_Banhos_Mapou_de_Coin","Sula_dactylatra",0,0,0,0,0,0,0,2,273,2.1,38.5800195275746,0,0,0
"255","Salomon_Islands_Boddam","Sula_dactylatra",0,0,0,0,0,0,0,108.5,273,2.1,38.5800195275746,0,0,0
"256","Salomon_Islands_Diable","Sula_dactylatra",0,0,0,0,0,0,0,0.5,273,2.1,38.5800195275746,0,0,0
"257","Salomon_Islands_Anglaise","Sula_dactylatra",0,0,0,0,0,0,0,75.5,273,2.1,38.5800195275746,0,0,0
"260","Salomon_Islands_Takamaka","Sula_dactylatra",0,0,0,0,0,0,0,44,273,2.1,38.5800195275746,0,0,0
"261","Salomon_Islands_Fouquet","Sula_dactylatra",0,0,0,0,0,0,0,39.5,273,2.1,38.5800195275746,0,0,0
"262","Salomon_Islands_Sepulture","Sula_dactylatra",0,0,0,0,0,0,0,0.5,273,2.1,38.5800195275746,0,0,0
"265","Salomon_Islands_Poule","Sula_dactylatra",0,0,0,0,0,0,0,0.5,273,2.1,38.5800195275746,0,0,0
"272","Great_Chagos_Bank_Eagle_Island","Sula_sula",10,173.362991973915,14.3017329480116,1696.79273794992,569.323229996299,61.464022484542,4343.58354490479,243.5,336,1.15,26.4,0.0659360328542094,1.14308679344961,3.75389151977006
"278","Peros_Banhos_Coin","Sula_sula",0,231.976356577111,29.8790863432545,1772.24338111256,761.809236824467,106.386236278575,5101.00262565138,127.5,336,1.15,26.4,0,2.92115981397702,9.59307474849665
"280","Peros_Banhos_Monpatre_complex","Sula_sula",0,133.735963536702,19.4430773405865,869.02162953081,443.72708186902,78.3138825845206,2516.21955877275,4.5,336,1.15,26.4,0,47.715279969562,158.316143104218
"281","Peros_Banhos_Poule","Sula_sula",0,250.54724323595,31.0457558511015,2142.58752792236,824.131110447623,124.91513905978,5569.14864375254,108,336,1.15,26.4,0,3.72466872424473,12.2516429720624
"282","Peros_Banhos_Petit_Souer","Sula_sula",0,207.169170786491,37.0158577328676,1210.05438560663,684.606951504238,136.479546341982,3547.56821938267,41.5,336,1.15,26.4,0,8.01491295591693,26.4859153728867
"283","Peros_Banhos_Grand_Souer","Sula_sula",4,228.332542637784,32.2045959243731,1549.19801823859,737.429168235862,129.300070999816,4363.36873946999,64,336,1.15,26.4,0.1003464,5.72808716413703,18.4995905718658
"288","Peros_Banhos_Pierre","Sula_sula",3,265.487575829202,29.4231450216184,2468.2400534788,872.514293767393,111.487709287643,6555.57783012053,150,336,1.15,26.4,0.032110848,2.84167706444666,9.33905795499737
"289","Peros_Banhos_Petite_Mapou","Sula_sula",22,158.16939922228,28.676679959187,836.670197367638,516.617850879271,110.888004712316,2361.29410026057,10,336,1.15,26.4,3.53219328,25.3947676833898,82.9451864183547
"290","Peros_Banhos_Grande_Mapou","Sula_sula",10,176.664901913187,32.026280493068,937.893379441712,585.683102998501,126.981837584787,2538.03824793782,19.5,336,1.15,26.4,0.823355076923077,14.545794390434,48.2225156321877
"291","Peros_Banhos_Diamant","Sula_sula",12,239.799454055822,32.6688359262154,1861.48421376419,787.388212366902,133.18959133742,4689.14324745064,88.5,336,1.15,26.4,0.21770066440678,4.35037503936129,14.2845780815284
"292","Peros_Banhos_Passe","Sula_sula",54,267.893764101346,58.6762800208392,1702.7149371679,879.761830004607,232.062599819629,5309.39825824761,22.5,336,1.15,26.4,3.85330176,19.1162131982359,62.7775519988439
"293","Peros_Banhos_Moresby","Sula_sula",540,289.746391638853,51.0984614218014,2501.71522047383,951.525753503524,232.671550997798,5873.62037377421,43.5,336,1.15,26.4,19.9308711724138,10.6942555637514,35.1198837228013
"301","Peros_Banhos_Yeye","Sula_sula",0,205.609282418833,31.996189699593,1323.92808888932,675.219892383519,129.425904540953,3344.91980695994,58.5,336,1.15,26.4,0,5.6429815514019,18.5315242144475
"306","Peros_Banhos_Fouquet","Sula_sula",0,113.627732411553,11.8100862551319,1101.21888006992,373.152925530004,41.9276987434392,3166.992413025,2,336,1.15,26.4,0,91.2170711013013,299.556421811232
"307","Peros_Banhos_Mapou_de_Coin","Sula_sula",0,113.933503348417,12.2864359605309,931.274863465932,377.157547266826,47.87674804545,2834.02912915563,2,336,1.15,26.4,0,91.4625352032127,302.771216808447
"308","Salomon_Islands_Boddam","Sula_sula",0,269.615289049956,44.0989955045927,1881.58505558198,885.415309637731,141.741169585234,6178.50615310696,108.5,336,1.15,26.4,0,3.98966615905954,13.1020444353226
"309","Salomon_Islands_Diable","Sula_sula",0,87.131630523277,4.59887435021343,1478.18343409352,286.139854645681,17.2209180624997,4597.25825929917,0.5,336,1.15,26.4,0,279.787054372511,918.819337926956
"310","Salomon_Islands_Anglaise","Sula_sula",0,202.869374752714,29.7373869667553,1264.4701537698,666.222048814913,107.911428458722,3553.86073872266,75.5,336,1.15,26.4,0,4.31411103082082,14.1675198302942
"313","Salomon_Islands_Takamaka","Sula_sula",302,262.845602607635,44.672035369855,1984.5409091196,863.183691992458,205.838870973916,4784.20642146342,44,336,1.15,26.4,11.0198592,9.59113090091156,31.497227647328
"314","Salomon_Islands_Fouquet","Sula_sula",17,188.30596684844,31.8853148312688,1031.34550690707,618.395887455962,133.065384958931,2669.1370104561,39.5,336,1.15,26.4,0.69099293164557,7.65400541640923,25.1357168935741
"315","Salomon_Islands_Sepulture","Sula_sula",0,88.3304852917757,4.62893414586777,1503.36930172121,290.076887926698,16.2480442010196,4806.29628226899,0.5,336,1.15,26.4,0,283.636678697044,931.461485652723
"318","Salomon_Islands_Poule","Sula_sula",0,87.1193559817274,4.56628609808575,1598.74671675414,286.099545110397,16.0768378869267,5088.2185239234,0.5,336,1.15,26.4,0,279.747639778714,918.68990059091
"325","Great_Chagos_Bank_Eagle_Island","Sula_leucogaster",0,0,0,0,0,0,0,243.5,326.3,1.35,29.2061668275245,0,0,0
"331","Peros_Banhos_Coin","Sula_leucogaster",0,0,0,0,0,0,0,127.5,326.3,1.35,29.2061668275245,0,0,0
"333","Peros_Banhos_Monpatre_complex","Sula_leucogaster",0,0,0,0,0,0,0,4.5,326.3,1.35,29.2061668275245,0,0,0
"334","Peros_Banhos_Poule","Sula_leucogaster",0,0,0,0,0,0,0,108,326.3,1.35,29.2061668275245,0,0,0
"335","Peros_Banhos_Petit_Souer","Sula_leucogaster",0,0,0,0,0,0,0,41.5,326.3,1.35,29.2061668275245,0,0,0
"336","Peros_Banhos_Grand_Souer","Sula_leucogaster",0,0,0,0,0,0,0,64,326.3,1.35,29.2061668275245,0,0,0
"341","Peros_Banhos_Pierre","Sula_leucogaster",0,0,0,0,0,0,0,150,326.3,1.35,29.2061668275245,0,0,0
"342","Peros_Banhos_Petite_Mapou","Sula_leucogaster",0,0,0,0,0,0,0,10,326.3,1.35,29.2061668275245,0,0,0
"343","Peros_Banhos_Grande_Mapou","Sula_leucogaster",0,0,0,0,0,0,0,19.5,326.3,1.35,29.2061668275245,0,0,0
"344","Peros_Banhos_Diamant","Sula_leucogaster",0,0,0,0,0,0,0,88.5,326.3,1.35,29.2061668275245,0,0,0
"345","Peros_Banhos_Passe","Sula_leucogaster",0,0,0,0,0,0,0,22.5,326.3,1.35,29.2061668275245,0,0,0
"346","Peros_Banhos_Moresby","Sula_leucogaster",0,0,0,0,0,0,0,43.5,326.3,1.35,29.2061668275245,0,0,0
"354","Peros_Banhos_Yeye","Sula_leucogaster",0,0,0,0,0,0,0,58.5,326.3,1.35,29.2061668275245,0,0,0
"359","Peros_Banhos_Fouquet","Sula_leucogaster",0,0,0,0,0,0,0,2,326.3,1.35,29.2061668275245,0,0,0
"360","Peros_Banhos_Mapou_de_Coin","Sula_leucogaster",0,0,0,0,0,0,0,2,326.3,1.35,29.2061668275245,0,0,0
"361","Salomon_Islands_Boddam","Sula_leucogaster",0,0,0,0,0,0,0,108.5,326.3,1.35,29.2061668275245,0,0,0
"362","Salomon_Islands_Diable","Sula_leucogaster",0,0,0,0,0,0,0,0.5,326.3,1.35,29.2061668275245,0,0,0
"363","Salomon_Islands_Anglaise","Sula_leucogaster",0,0,0,0,0,0,0,75.5,326.3,1.35,29.2061668275245,0,0,0
"366","Salomon_Islands_Takamaka","Sula_leucogaster",0,0,0,0,0,0,0,44,326.3,1.35,29.2061668275245,0,0,0
"367","Salomon_Islands_Fouquet","Sula_leucogaster",0,0,0,0,0,0,0,39.5,326.3,1.35,29.2061668275245,0,0,0
"368","Salomon_Islands_Sepulture","Sula_leucogaster",0,0,0,0,0,0,0,0.5,326.3,1.35,29.2061668275245,0,0,0
"371","Salomon_Islands_Poule","Sula_leucogaster",0,0,0,0,0,0,0,0.5,326.3,1.35,29.2061668275245,0,0,0
"378","Great_Chagos_Bank_Eagle_Island","Fregeta_minor",0,0,0,0,0,0,0,243.5,514,1.495,31.1449930877007,0,0,0
"384","Peros_Banhos_Coin","Fregeta_minor",0,0,0,0,0,0,0,127.5,514,1.495,31.1449930877007,0,0,0
"386","Peros_Banhos_Monpatre_complex","Fregeta_minor",0,0,0,0,0,0,0,4.5,514,1.495,31.1449930877007,0,0,0
"387","Peros_Banhos_Poule","Fregeta_minor",0,0,0,0,0,0,0,108,514,1.495,31.1449930877007,0,0,0
"388","Peros_Banhos_Petit_Souer","Fregeta_minor",0,0,0,0,0,0,0,41.5,514,1.495,31.1449930877007,0,0,0
"389","Peros_Banhos_Grand_Souer","Fregeta_minor",0,0,0,0,0,0,0,64,514,1.495,31.1449930877007,0,0,0
"394","Peros_Banhos_Pierre","Fregeta_minor",0,0,0,0,0,0,0,150,514,1.495,31.1449930877007,0,0,0
"395","Peros_Banhos_Petite_Mapou","Fregeta_minor",0,0,0,0,0,0,0,10,514,1.495,31.1449930877007,0,0,0
"396","Peros_Banhos_Grande_Mapou","Fregeta_minor",0,0,0,0,0,0,0,19.5,514,1.495,31.1449930877007,0,0,0
"397","Peros_Banhos_Diamant","Fregeta_minor",0,0,0,0,0,0,0,88.5,514,1.495,31.1449930877007,0,0,0
"398","Peros_Banhos_Passe","Fregeta_minor",0,0,0,0,0,0,0,22.5,514,1.495,31.1449930877007,0,0,0
"399","Peros_Banhos_Moresby","Fregeta_minor",0,0,0,0,0,0,0,43.5,514,1.495,31.1449930877007,0,0,0
"407","Peros_Banhos_Yeye","Fregeta_minor",0,0,0,0,0,0,0,58.5,514,1.495,31.1449930877007,0,0,0
"412","Peros_Banhos_Fouquet","Fregeta_minor",0,0,0,0,0,0,0,2,514,1.495,31.1449930877007,0,0,0
"413","Peros_Banhos_Mapou_de_Coin","Fregeta_minor",0,0,0,0,0,0,0,2,514,1.495,31.1449930877007,0,0,0
"414","Salomon_Islands_Boddam","Fregeta_minor",0,0,0,0,0,0,0,108.5,514,1.495,31.1449930877007,0,0,0
"415","Salomon_Islands_Diable","Fregeta_minor",0,0,0,0,0,0,0,0.5,514,1.495,31.1449930877007,0,0,0
"416","Salomon_Islands_Anglaise","Fregeta_minor",0,0,0,0,0,0,0,75.5,514,1.495,31.1449930877007,0,0,0
"419","Salomon_Islands_Takamaka","Fregeta_minor",0,0,0,0,0,0,0,44,514,1.495,31.1449930877007,0,0,0
"420","Salomon_Islands_Fouquet","Fregeta_minor",0,0,0,0,0,0,0,39.5,514,1.495,31.1449930877007,0,0,0
"421","Salomon_Islands_Sepulture","Fregeta_minor",0,0,0,0,0,0,0,0.5,514,1.495,31.1449930877007,0,0,0
"424","Salomon_Islands_Poule","Fregeta_minor",0,0,0,0,0,0,0,0.5,514,1.495,31.1449930877007,0,0,0
"431","Great_Chagos_Bank_Eagle_Island","Fregeta_ariel",0,0,0,0,0,0,0,243.5,372,0.945,23.3284737776416,0,0,0
"437","Peros_Banhos_Coin","Fregeta_ariel",0,0,0,0,0,0,0,127.5,372,0.945,23.3284737776416,0,0,0
"439","Peros_Banhos_Monpatre_complex","Fregeta_ariel",0,0,0,0,0,0,0,4.5,372,0.945,23.3284737776416,0,0,0
"440","Peros_Banhos_Poule","Fregeta_ariel",0,0,0,0,0,0,0,108,372,0.945,23.3284737776416,0,0,0
"441","Peros_Banhos_Petit_Souer","Fregeta_ariel",0,0,0,0,0,0,0,41.5,372,0.945,23.3284737776416,0,0,0
"442","Peros_Banhos_Grand_Souer","Fregeta_ariel",0,0,0,0,0,0,0,64,372,0.945,23.3284737776416,0,0,0
"447","Peros_Banhos_Pierre","Fregeta_ariel",0,0,0,0,0,0,0,150,372,0.945,23.3284737776416,0,0,0
"448","Peros_Banhos_Petite_Mapou","Fregeta_ariel",0,0,0,0,0,0,0,10,372,0.945,23.3284737776416,0,0,0
"449","Peros_Banhos_Grande_Mapou","Fregeta_ariel",0,0,0,0,0,0,0,19.5,372,0.945,23.3284737776416,0,0,0
"450","Peros_Banhos_Diamant","Fregeta_ariel",0,0,0,0,0,0,0,88.5,372,0.945,23.3284737776416,0,0,0
"451","Peros_Banhos_Passe","Fregeta_ariel",0,0,0,0,0,0,0,22.5,372,0.945,23.3284737776416,0,0,0
"452","Peros_Banhos_Moresby","Fregeta_ariel",0,0,0,0,0,0,0,43.5,372,0.945,23.3284737776416,0,0,0
"460","Peros_Banhos_Yeye","Fregeta_ariel",0,0,0,0,0,0,0,58.5,372,0.945,23.3284737776416,0,0,0
"465","Peros_Banhos_Fouquet","Fregeta_ariel",0,0,0,0,0,0,0,2,372,0.945,23.3284737776416,0,0,0
"466","Peros_Banhos_Mapou_de_Coin","Fregeta_ariel",0,0,0,0,0,0,0,2,372,0.945,23.3284737776416,0,0,0
"467","Salomon_Islands_Boddam","Fregeta_ariel",0,0,0,0,0,0,0,108.5,372,0.945,23.3284737776416,0,0,0
"468","Salomon_Islands_Diable","Fregeta_ariel",0,0,0,0,0,0,0,0.5,372,0.945,23.3284737776416,0,0,0
"469","Salomon_Islands_Anglaise","Fregeta_ariel",0,0,0,0,0,0,0,75.5,372,0.945,23.3284737776416,0,0,0
"472","Salomon_Islands_Takamaka","Fregeta_ariel",0,0,0,0,0,0,0,44,372,0.945,23.3284737776416,0,0,0
"473","Salomon_Islands_Fouquet","Fregeta_ariel",0,0,0,0,0,0,0,39.5,372,0.945,23.3284737776416,0,0,0
"474","Salomon_Islands_Sepulture","Fregeta_ariel",0,0,0,0,0,0,0,0.5,372,0.945,23.3284737776416,0,0,0
"477","Salomon_Islands_Poule","Fregeta_ariel",0,0,0,0,0,0,0,0.5,372,0.945,23.3284737776416,0,0,0
"484","Great_Chagos_Bank_Eagle_Island","Thalasseus_bergii",0,0,0,0,0,0,0,243.5,145.5,0.36,12.7009107121389,0,0,0
"490","Peros_Banhos_Coin","Thalasseus_bergii",0,0,0,0,0,0,0,127.5,145.5,0.36,12.7009107121389,0,0,0
"492","Peros_Banhos_Monpatre_complex","Thalasseus_bergii",10,10,10,10,10,10,10,4.5,145.5,0.36,12.7009107121389,0.74329963124341,0.74329963124341,0.74329963124341
"493","Peros_Banhos_Poule","Thalasseus_bergii",0,0,0,0,0,0,0,108,145.5,0.36,12.7009107121389,0,0,0
"494","Peros_Banhos_Petit_Souer","Thalasseus_bergii",0,0,0,0,0,0,0,41.5,145.5,0.36,12.7009107121389,0,0,0
"495","Peros_Banhos_Grand_Souer","Thalasseus_bergii",0,0,0,0,0,0,0,64,145.5,0.36,12.7009107121389,0,0,0
"500","Peros_Banhos_Pierre","Thalasseus_bergii",0,0,0,0,0,0,0,150,145.5,0.36,12.7009107121389,0,0,0
"501","Peros_Banhos_Petite_Mapou","Thalasseus_bergii",0,0,0,0,0,0,0,10,145.5,0.36,12.7009107121389,0,0,0
"502","Peros_Banhos_Grande_Mapou","Thalasseus_bergii",0,0,0,0,0,0,0,19.5,145.5,0.36,12.7009107121389,0,0,0
"503","Peros_Banhos_Diamant","Thalasseus_bergii",0,0,0,0,0,0,0,88.5,145.5,0.36,12.7009107121389,0,0,0
"504","Peros_Banhos_Passe","Thalasseus_bergii",0,0,0,0,0,0,0,22.5,145.5,0.36,12.7009107121389,0,0,0
"505","Peros_Banhos_Moresby","Thalasseus_bergii",14,14,14,14,14,14,14,43.5,145.5,0.36,12.7009107121389,0.107650291421459,0.107650291421459,0.107650291421459
"513","Peros_Banhos_Yeye","Thalasseus_bergii",0,0,0,0,0,0,0,58.5,145.5,0.36,12.7009107121389,0,0,0
"518","Peros_Banhos_Fouquet","Thalasseus_bergii",0,0,0,0,0,0,0,2,145.5,0.36,12.7009107121389,0,0,0
"519","Peros_Banhos_Mapou_de_Coin","Thalasseus_bergii",0,0,0,0,0,0,0,2,145.5,0.36,12.7009107121389,0,0,0
"520","Salomon_Islands_Boddam","Thalasseus_bergii",0,0,0,0,0,0,0,108.5,145.5,0.36,12.7009107121389,0,0,0
"521","Salomon_Islands_Diable","Thalasseus_bergii",0,0,0,0,0,0,0,0.5,145.5,0.36,12.7009107121389,0,0,0
"522","Salomon_Islands_Anglaise","Thalasseus_bergii",0,0,0,0,0,0,0,75.5,145.5,0.36,12.7009107121389,0,0,0
"525","Salomon_Islands_Takamaka","Thalasseus_bergii",0,0,0,0,0,0,0,44,145.5,0.36,12.7009107121389,0,0,0
"526","Salomon_Islands_Fouquet","Thalasseus_bergii",0,0,0,0,0,0,0,39.5,145.5,0.36,12.7009107121389,0,0,0
"527","Salomon_Islands_Sepulture","Thalasseus_bergii",0,0,0,0,0,0,0,0.5,145.5,0.36,12.7009107121389,0,0,0
"530","Salomon_Islands_Poule","Thalasseus_bergii",25,25,25,25,25,25,25,0.5,145.5,0.36,12.7009107121389,16.7242417029767,16.7242417029767,16.7242417029767
"537","Great_Chagos_Bank_Eagle_Island","Sterna_dougallii",0,0,0,0,0,0,0,243.5,59.8,0.11,6.01785444402444,0,0,0
"543","Peros_Banhos_Coin","Sterna_dougallii",0,0,0,0,0,0,0,127.5,59.8,0.11,6.01785444402444,0,0,0
"545","Peros_Banhos_Monpatre_complex","Sterna_dougallii",0,0,0,0,0,0,0,4.5,59.8,0.11,6.01785444402444,0,0,0
"546","Peros_Banhos_Poule","Sterna_dougallii",3,3,3,3,3,3,3,108,59.8,0.11,6.01785444402444,0.00180933480364533,0.00180933480364533,0.00180933480364533
"547","Peros_Banhos_Petit_Souer","Sterna_dougallii",0,0,0,0,0,0,0,41.5,59.8,0.11,6.01785444402444,0,0,0
"548","Peros_Banhos_Grand_Souer","Sterna_dougallii",0,0,0,0,0,0,0,64,59.8,0.11,6.01785444402444,0,0,0
"553","Peros_Banhos_Pierre","Sterna_dougallii",0,0,0,0,0,0,0,150,59.8,0.11,6.01785444402444,0,0,0
"554","Peros_Banhos_Petite_Mapou","Sterna_dougallii",0,0,0,0,0,0,0,10,59.8,0.11,6.01785444402444,0,0,0
"555","Peros_Banhos_Grande_Mapou","Sterna_dougallii",0,0,0,0,0,0,0,19.5,59.8,0.11,6.01785444402444,0,0,0
"556","Peros_Banhos_Diamant","Sterna_dougallii",0,0,0,0,0,0,0,88.5,59.8,0.11,6.01785444402444,0,0,0
"557","Peros_Banhos_Passe","Sterna_dougallii",0,0,0,0,0,0,0,22.5,59.8,0.11,6.01785444402444,0,0,0
"558","Peros_Banhos_Moresby","Sterna_dougallii",0,0,0,0,0,0,0,43.5,59.8,0.11,6.01785444402444,0,0,0
"566","Peros_Banhos_Yeye","Sterna_dougallii",0,0,0,0,0,0,0,58.5,59.8,0.11,6.01785444402444,0,0,0
"571","Peros_Banhos_Fouquet","Sterna_dougallii",0,0,0,0,0,0,0,2,59.8,0.11,6.01785444402444,0,0,0
"572","Peros_Banhos_Mapou_de_Coin","Sterna_dougallii",0,0,0,0,0,0,0,2,59.8,0.11,6.01785444402444,0,0,0
"573","Salomon_Islands_Boddam","Sterna_dougallii",0,0,0,0,0,0,0,108.5,59.8,0.11,6.01785444402444,0,0,0
"574","Salomon_Islands_Diable","Sterna_dougallii",0,0,0,0,0,0,0,0.5,59.8,0.11,6.01785444402444,0,0,0
"575","Salomon_Islands_Anglaise","Sterna_dougallii",0,0,0,0,0,0,0,75.5,59.8,0.11,6.01785444402444,0,0,0
"578","Salomon_Islands_Takamaka","Sterna_dougallii",0,0,0,0,0,0,0,44,59.8,0.11,6.01785444402444,0,0,0
"579","Salomon_Islands_Fouquet","Sterna_dougallii",3,3,3,3,3,3,3,39.5,59.8,0.11,6.01785444402444,0.0049470419947771,0.0049470419947771,0.0049470419947771
"580","Salomon_Islands_Sepulture","Sterna_dougallii",0,0,0,0,0,0,0,0.5,59.8,0.11,6.01785444402444,0,0,0
"583","Salomon_Islands_Poule","Sterna_dougallii",0,0,0,0,0,0,0,0.5,59.8,0.11,6.01785444402444,0,0,0
"590","Great_Chagos_Bank_Eagle_Island","Sterna_sumatrana",0,0,0,0,0,0,0,243.5,46,0.104,5.80891860570945,0,0,0
"596","Peros_Banhos_Coin","Sterna_sumatrana",0,0,0,0,0,0,0,127.5,46,0.104,5.80891860570945,0,0,0
"598","Peros_Banhos_Monpatre_complex","Sterna_sumatrana",1,1,1,1,1,1,1,4.5,46,0.104,5.80891860570945,0.0107477902913637,0.0107477902913637,0.0107477902913637
"599","Peros_Banhos_Poule","Sterna_sumatrana",2,2,2,2,2,2,2,108,46,0.104,5.80891860570945,0.000895649190946979,0.000895649190946979,0.000895649190946979
"600","Peros_Banhos_Petit_Souer","Sterna_sumatrana",0,0,0,0,0,0,0,41.5,46,0.104,5.80891860570945,0,0,0
"601","Peros_Banhos_Grand_Souer","Sterna_sumatrana",0,0,0,0,0,0,0,64,46,0.104,5.80891860570945,0,0,0
"606","Peros_Banhos_Pierre","Sterna_sumatrana",0,0,0,0,0,0,0,150,46,0.104,5.80891860570945,0,0,0
"607","Peros_Banhos_Petite_Mapou","Sterna_sumatrana",0,0,0,0,0,0,0,10,46,0.104,5.80891860570945,0,0,0
"608","Peros_Banhos_Grande_Mapou","Sterna_sumatrana",0,0,0,0,0,0,0,19.5,46,0.104,5.80891860570945,0,0,0
"609","Peros_Banhos_Diamant","Sterna_sumatrana",0,0,0,0,0,0,0,88.5,46,0.104,5.80891860570945,0,0,0
"610","Peros_Banhos_Passe","Sterna_sumatrana",0,0,0,0,0,0,0,22.5,46,0.104,5.80891860570945,0,0,0
"611","Peros_Banhos_Moresby","Sterna_sumatrana",0,0,0,0,0,0,0,43.5,46,0.104,5.80891860570945,0,0,0
"619","Peros_Banhos_Yeye","Sterna_sumatrana",15,15,15,15,15,15,15,58.5,46,0.104,5.80891860570945,0.0124012964900351,0.0124012964900351,0.0124012964900351
"624","Peros_Banhos_Fouquet","Sterna_sumatrana",0,0,0,0,0,0,0,2,46,0.104,5.80891860570945,0,0,0
"625","Peros_Banhos_Mapou_de_Coin","Sterna_sumatrana",0,0,0,0,0,0,0,2,46,0.104,5.80891860570945,0,0,0
"626","Salomon_Islands_Boddam","Sterna_sumatrana",0,0,0,0,0,0,0,108.5,46,0.104,5.80891860570945,0,0,0
"627","Salomon_Islands_Diable","Sterna_sumatrana",0,0,0,0,0,0,0,0.5,46,0.104,5.80891860570945,0,0,0
"628","Salomon_Islands_Anglaise","Sterna_sumatrana",1,1,1,1,1,1,1,75.5,46,0.104,5.80891860570945,0.000640596772332939,0.000640596772332939,0.000640596772332939
"631","Salomon_Islands_Takamaka","Sterna_sumatrana",25,25,25,25,25,25,25,44,46,0.104,5.80891860570945,0.0274801456313278,0.0274801456313278,0.0274801456313278
"632","Salomon_Islands_Fouquet","Sterna_sumatrana",53,53,53,53,53,53,53,39.5,46,0.104,5.80891860570945,0.0648948856832976,0.0648948856832976,0.0648948856832976
"633","Salomon_Islands_Sepulture","Sterna_sumatrana",0,0,0,0,0,0,0,0.5,46,0.104,5.80891860570945,0,0,0
"636","Salomon_Islands_Poule","Sterna_sumatrana",0,0,0,0,0,0,0,0.5,46,0.104,5.80891860570945,0,0,0
"643","Great_Chagos_Bank_Eagle_Island","Sternula_albifrons",0,0,0,0,0,0,0,243.5,44.5,0.055,3.8885956125497,0,0,0
"649","Peros_Banhos_Coin","Sternula_albifrons",0,0,0,0,0,0,0,127.5,44.5,0.055,3.8885956125497,0,0,0
"651","Peros_Banhos_Monpatre_complex","Sternula_albifrons",0,0,0,0,0,0,0,4.5,44.5,0.055,3.8885956125497,0,0,0
"652","Peros_Banhos_Poule","Sternula_albifrons",0,0,0,0,0,0,0,108,44.5,0.055,3.8885956125497,0,0,0
"653","Peros_Banhos_Petit_Souer","Sternula_albifrons",0,0,0,0,0,0,0,41.5,44.5,0.055,3.8885956125497,0,0,0
"654","Peros_Banhos_Grand_Souer","Sternula_albifrons",0,0,0,0,0,0,0,64,44.5,0.055,3.8885956125497,0,0,0
"659","Peros_Banhos_Pierre","Sternula_albifrons",0,0,0,0,0,0,0,150,44.5,0.055,3.8885956125497,0,0,0
"660","Peros_Banhos_Petite_Mapou","Sternula_albifrons",0,0,0,0,0,0,0,10,44.5,0.055,3.8885956125497,0,0,0
"661","Peros_Banhos_Grande_Mapou","Sternula_albifrons",0,0,0,0,0,0,0,19.5,44.5,0.055,3.8885956125497,0,0,0
"662","Peros_Banhos_Diamant","Sternula_albifrons",0,0,0,0,0,0,0,88.5,44.5,0.055,3.8885956125497,0,0,0
"663","Peros_Banhos_Passe","Sternula_albifrons",0,0,0,0,0,0,0,22.5,44.5,0.055,3.8885956125497,0,0,0
"664","Peros_Banhos_Moresby","Sternula_albifrons",0,0,0,0,0,0,0,43.5,44.5,0.055,3.8885956125497,0,0,0
"672","Peros_Banhos_Yeye","Sternula_albifrons",0,0,0,0,0,0,0,58.5,44.5,0.055,3.8885956125497,0,0,0
"677","Peros_Banhos_Fouquet","Sternula_albifrons",0,0,0,0,0,0,0,2,44.5,0.055,3.8885956125497,0,0,0
"678","Peros_Banhos_Mapou_de_Coin","Sternula_albifrons",0,0,0,0,0,0,0,2,44.5,0.055,3.8885956125497,0,0,0
"679","Salomon_Islands_Boddam","Sternula_albifrons",0,0,0,0,0,0,0,108.5,44.5,0.055,3.8885956125497,0,0,0
"680","Salomon_Islands_Diable","Sternula_albifrons",0,0,0,0,0,0,0,0.5,44.5,0.055,3.8885956125497,0,0,0
"681","Salomon_Islands_Anglaise","Sternula_albifrons",0,0,0,0,0,0,0,75.5,44.5,0.055,3.8885956125497,0,0,0
"684","Salomon_Islands_Takamaka","Sternula_albifrons",0,0,0,0,0,0,0,44,44.5,0.055,3.8885956125497,0,0,0
"685","Salomon_Islands_Fouquet","Sternula_albifrons",0,0,0,0,0,0,0,39.5,44.5,0.055,3.8885956125497,0,0,0
"686","Salomon_Islands_Sepulture","Sternula_albifrons",0,0,0,0,0,0,0,0.5,44.5,0.055,3.8885956125497,0,0,0
"689","Salomon_Islands_Poule","Sternula_albifrons",0,0,0,0,0,0,0,0.5,44.5,0.055,3.8885956125497,0,0,0
"696","Great_Chagos_Bank_Eagle_Island","Onychoprion_anaethetus",0,0,0,0,0,0,0,243.5,82,0.14,7.00527114884788,0,0,0
"702","Peros_Banhos_Coin","Onychoprion_anaethetus",0,0,0,0,0,0,0,127.5,82,0.14,7.00527114884788,0,0,0
"704","Peros_Banhos_Monpatre_complex","Onychoprion_anaethetus",0,0,0,0,0,0,0,4.5,82,0.14,7.00527114884788,0,0,0
"705","Peros_Banhos_Poule","Onychoprion_anaethetus",0,0,0,0,0,0,0,108,82,0.14,7.00527114884788,0,0,0
"706","Peros_Banhos_Petit_Souer","Onychoprion_anaethetus",0,0,0,0,0,0,0,41.5,82,0.14,7.00527114884788,0,0,0
"707","Peros_Banhos_Grand_Souer","Onychoprion_anaethetus",0,0,0,0,0,0,0,64,82,0.14,7.00527114884788,0,0,0
"712","Peros_Banhos_Pierre","Onychoprion_anaethetus",0,0,0,0,0,0,0,150,82,0.14,7.00527114884788,0,0,0
"713","Peros_Banhos_Petite_Mapou","Onychoprion_anaethetus",0,0,0,0,0,0,0,10,82,0.14,7.00527114884788,0,0,0
"714","Peros_Banhos_Grande_Mapou","Onychoprion_anaethetus",0,0,0,0,0,0,0,19.5,82,0.14,7.00527114884788,0,0,0
"715","Peros_Banhos_Diamant","Onychoprion_anaethetus",0,0,0,0,0,0,0,88.5,82,0.14,7.00527114884788,0,0,0
"716","Peros_Banhos_Passe","Onychoprion_anaethetus",0,0,0,0,0,0,0,22.5,82,0.14,7.00527114884788,0,0,0
"717","Peros_Banhos_Moresby","Onychoprion_anaethetus",0,0,0,0,0,0,0,43.5,82,0.14,7.00527114884788,0,0,0
"725","Peros_Banhos_Yeye","Onychoprion_anaethetus",0,0,0,0,0,0,0,58.5,82,0.14,7.00527114884788,0,0,0
"730","Peros_Banhos_Fouquet","Onychoprion_anaethetus",0,0,0,0,0,0,0,2,82,0.14,7.00527114884788,0,0,0
"731","Peros_Banhos_Mapou_de_Coin","Onychoprion_anaethetus",0,0,0,0,0,0,0,2,82,0.14,7.00527114884788,0,0,0
"732","Salomon_Islands_Boddam","Onychoprion_anaethetus",0,0,0,0,0,0,0,108.5,82,0.14,7.00527114884788,0,0,0
"733","Salomon_Islands_Diable","Onychoprion_anaethetus",0,0,0,0,0,0,0,0.5,82,0.14,7.00527114884788,0,0,0
"734","Salomon_Islands_Anglaise","Onychoprion_anaethetus",0,0,0,0,0,0,0,75.5,82,0.14,7.00527114884788,0,0,0
"737","Salomon_Islands_Takamaka","Onychoprion_anaethetus",0,0,0,0,0,0,0,44,82,0.14,7.00527114884788,0,0,0
"738","Salomon_Islands_Fouquet","Onychoprion_anaethetus",0,0,0,0,0,0,0,39.5,82,0.14,7.00527114884788,0,0,0
"739","Salomon_Islands_Sepulture","Onychoprion_anaethetus",0,0,0,0,0,0,0,0.5,82,0.14,7.00527114884788,0,0,0
"742","Salomon_Islands_Poule","Onychoprion_anaethetus",0,0,0,0,0,0,0,0.5,82,0.14,7.00527114884788,0,0,0
"749","Great_Chagos_Bank_Eagle_Island","Onychoprion_fuscatus",0,7224.59765350557,524.943590997073,90746.8051849888,23725.5438700341,2133.42456119788,253260.845889642,243.5,106,0.185,8.34992311049587,0,4.75315105791877,15.6093251630188
"755","Peros_Banhos_Coin","Onychoprion_fuscatus",0,9667.20649149814,982.233777911816,98271.3066049511,31747.059520114,3578.7139767023,293807.785567941,127.5,106,0.185,8.34992311049587,0,12.1466838211413,39.8896511190607
"757","Peros_Banhos_Monpatre_complex","Onychoprion_fuscatus",0,5573.21096824368,711.277190949988,44258.7644595258,18491.5453867464,2653.16783981055,136872.618637495,4.5,106,0.185,8.34992311049587,0,198.408322767672,658.305692440499
"758","Peros_Banhos_Poule","Onychoprion_fuscatus",0,10441.1155170135,990.467551613853,114592.233966972,34344.2139462886,3794.77587361764,340184.137885891,108,106,0.185,8.34992311049587,0,15.4878117641565,50.9444340426357
"759","Peros_Banhos_Petit_Souer","Onychoprion_fuscatus",0,8633.4106726076,1161.97053939138,68839.3205818122,28529.7901189622,4341.04859599727,199847.237090814,41.5,106,0.185,8.34992311049587,0,33.3273835493953,110.132981498866
"760","Peros_Banhos_Grand_Souer","Onychoprion_fuscatus",0,9515.35695696868,1132.835589573,94010.5849002344,30731.0630590928,4130.4096037068,247064.554864782,64,106,0.185,8.34992311049587,0,23.8183694537357,76.9244724036821
"765","Peros_Banhos_Pierre","Onychoprion_fuscatus",0,11063.7275899065,960.21959191359,140064.438456397,36360.497979583,3766.31440428332,393414.776926797,150,106,0.185,8.34992311049587,0,11.8161809081679,38.8334056986176
"766","Peros_Banhos_Petite_Mapou","Onychoprion_fuscatus",0,6591.43140913033,951.553468056161,47401.4298081975,21529.1399319127,3528.00636623931,134574.902759825,10,106,0.185,8.34992311049587,0,105.595802148708,344.900319759535
"767","Peros_Banhos_Grande_Mapou","Onychoprion_fuscatus",0,7362.19894042234,1065.36264600789,53510.2395028282,24407.3127917492,4392.59430131004,155477.715477733,19.5,106,0.185,8.34992311049587,0,60.4839093508502,200.517495702081
"768","Peros_Banhos_Diamant","Onychoprion_fuscatus",0,9993.22031396576,1055.31758997117,105434.114544294,32813.018318926,4179.93564342249,281319.772683003,88.5,106,0.185,8.34992311049587,0,18.089606002954,59.3977271098036
"769","Peros_Banhos_Passe","Onychoprion_fuscatus",0,11164.0012523929,1716.24435563837,92439.9802191311,36662.5263000273,6517.76198206028,303118.500176744,22.5,106,0.185,8.34992311049587,0,79.4884951057758,261.039834776125
"770","Peros_Banhos_Moresby","Onychoprion_fuscatus",0,12074.6710547124,1530.46807235398,143740.294393001,39653.1615412247,6411.45576896843,343791.220670389,43.5,106,0.185,8.34992311049587,0,44.4685499279538,146.034503615649
"778","Peros_Banhos_Yeye","Onychoprion_fuscatus",0,8568.40506955243,1068.07567242074,77871.6610885297,28138.600946898,4142.0550789408,205806.120661441,58.5,106,0.185,8.34992311049587,0,23.4644857105896,77.0572579698267
"783","Peros_Banhos_Fouquet","Onychoprion_fuscatus",0,4735.2358170952,459.463542781761,50865.3970198148,15550.4915985094,1564.51600352053,153424.687607445,2,106,0.185,8.34992311049587,0,379.296235850106,1245.60701024422
"784","Peros_Banhos_Mapou_de_Coin","Onychoprion_fuscatus",0,4747.97828287651,457.040679157401,48055.6816301095,15717.3771631481,1714.32549800393,142252.170120108,2,106,0.185,8.34992311049587,0,380.316917711155,1258.97467954945
"785","Salomon_Islands_Boddam","Onychoprion_fuscatus",0,11235.7427755552,1302.67465385133,111291.911948965,36898.1251162829,4395.50750349071,354268.802785739,108.5,106,0.185,8.34992311049587,0,16.5897165756317,54.4805492684557
"786","Salomon_Islands_Diable","Onychoprion_fuscatus",0,3631.05739152967,184.467212856502,73230.5190180522,11924.3749713241,639.648280708582,211599.982923998,0.5,106,0.185,8.34992311049587,0,1163.40258771549,3820.60849021282
"787","Salomon_Islands_Anglaise","Onychoprion_fuscatus",0,8454.22423851066,1014.79700458879,77575.7722947297,27763.6316481324,3673.8286433531,216867.359070445,75.5,106,0.185,8.34992311049587,0,17.9388140319976,58.9109788122285
"790","Salomon_Islands_Takamaka","Onychoprion_fuscatus",0,10953.6280045231,1370.7430848158,117387.307322078,35971.661568066,5859.69676049625,276986.429727437,44,106,0.185,8.34992311049587,0,39.8815682672088,130.970877951977
"791","Salomon_Islands_Fouquet","Onychoprion_fuscatus",0,7847.3198388214,1046.03870228049,61401.4801955682,25770.5605249595,4087.49336305363,161368.227147955,39.5,106,0.185,8.34992311049587,0,31.8266680630015,104.518624507672
"792","Salomon_Islands_Sepulture","Onychoprion_fuscatus",0,3681.01755458854,188.373012795696,71068.4016813832,12088.4439059909,638.714758488474,224668.891333156,0.5,106,0.185,8.34992311049587,0,1179.4099863099,3873.17671003781
"795","Salomon_Islands_Poule","Onychoprion_fuscatus",0,3630.54587160799,179.242157150501,71346.4914915588,11922.6951423669,610.325063657366,238009.060856329,0.5,106,0.185,8.34992311049587,0,1163.23869507035,3820.07026755617
"802","Great_Chagos_Bank_Eagle_Island","Anous_stolidus",40,40,40,40,40,40,40,243.5,144.5,0.167,7.82844787606567,0.0336343556426381,0.0336343556426381,0.0336343556426381
"808","Peros_Banhos_Coin","Anous_stolidus",21,21,21,21,21,21,21,127.5,144.5,0.167,7.82844787606567,0.0337233877605157,0.0337233877605157,0.0337233877605157
"810","Peros_Banhos_Monpatre_complex","Anous_stolidus",2,2,2,2,2,2,2,4.5,144.5,0.167,7.82844787606567,0.0909996177664709,0.0909996177664709,0.0909996177664709
"811","Peros_Banhos_Poule","Anous_stolidus",8,8,8,8,8,8,8,108,144.5,0.167,7.82844787606567,0.0151666029610785,0.0151666029610785,0.0151666029610785
"812","Peros_Banhos_Petit_Souer","Anous_stolidus",5,5,5,5,5,5,5,41.5,144.5,0.167,7.82844787606567,0.0246685710812722,0.0246685710812722,0.0246685710812722
"813","Peros_Banhos_Grand_Souer","Anous_stolidus",7,7,7,7,7,7,7,64,144.5,0.167,7.82844787606567,0.0223944371847174,0.0223944371847174,0.0223944371847174
"818","Peros_Banhos_Pierre","Anous_stolidus",7,7,7,7,7,7,7,150,144.5,0.167,7.82844787606567,0.00955495986547944,0.00955495986547944,0.00955495986547944
"819","Peros_Banhos_Petite_Mapou","Anous_stolidus",5,5,5,5,5,5,5,10,144.5,0.167,7.82844787606567,0.10237456998728,0.10237456998728,0.10237456998728
"820","Peros_Banhos_Grande_Mapou","Anous_stolidus",10,10,10,10,10,10,10,19.5,144.5,0.167,7.82844787606567,0.104999558961313,0.104999558961313,0.104999558961313
"821","Peros_Banhos_Diamant","Anous_stolidus",20,20,20,20,20,20,20,88.5,144.5,0.167,7.82844787606567,0.0462709920846462,0.0462709920846462,0.0462709920846462
"822","Peros_Banhos_Passe","Anous_stolidus",15,15,15,15,15,15,15,22.5,144.5,0.167,7.82844787606567,0.136499426649706,0.136499426649706,0.136499426649706
"823","Peros_Banhos_Moresby","Anous_stolidus",45,45,45,45,45,45,45,43.5,144.5,0.167,7.82844787606567,0.211809455146096,0.211809455146096,0.211809455146096
"831","Peros_Banhos_Yeye","Anous_stolidus",32,32,32,32,32,32,32,58.5,144.5,0.167,7.82844787606567,0.111999529558733,0.111999529558733,0.111999529558733
"836","Peros_Banhos_Fouquet","Anous_stolidus",5,5,5,5,5,5,5,2,144.5,0.167,7.82844787606567,0.511872849936399,0.511872849936399,0.511872849936399
"837","Peros_Banhos_Mapou_de_Coin","Anous_stolidus",5,5,5,5,5,5,5,2,144.5,0.167,7.82844787606567,0.511872849936399,0.511872849936399,0.511872849936399
"838","Salomon_Islands_Boddam","Anous_stolidus",25,25,25,25,25,25,25,108.5,144.5,0.167,7.82844787606567,0.0471772211922948,0.0471772211922948,0.0471772211922948
"839","Salomon_Islands_Diable","Anous_stolidus",1,1,1,1,1,1,1,0.5,144.5,0.167,7.82844787606567,0.409498279949119,0.409498279949119,0.409498279949119
"840","Salomon_Islands_Anglaise","Anous_stolidus",20,20,20,20,20,20,20,75.5,144.5,0.167,7.82844787606567,0.0542381827747177,0.0542381827747177,0.0542381827747177
"843","Salomon_Islands_Takamaka","Anous_stolidus",65,65,65,65,65,65,65,44,144.5,0.167,7.82844787606567,0.302470320416963,0.302470320416963,0.302470320416963
"844","Salomon_Islands_Fouquet","Anous_stolidus",25,25,25,25,25,25,25,39.5,144.5,0.167,7.82844787606567,0.129588063275038,0.129588063275038,0.129588063275038
"845","Salomon_Islands_Sepulture","Anous_stolidus",6,6,6,6,6,6,6,0.5,144.5,0.167,7.82844787606567,2.45698967969471,2.45698967969471,2.45698967969471
"848","Salomon_Islands_Poule","Anous_stolidus",1,1,1,1,1,1,1,0.5,144.5,0.167,7.82844787606567,0.409498279949119,0.409498279949119,0.409498279949119
"855","Great_Chagos_Bank_Eagle_Island","Anous_tenuirostris",10,453.20791998171,42.7771607864023,3932.95237566195,1488.33262466256,168.987340980037,10872.3884231738,243.5,90,0.1085,5.96602436270199,0.00399123354695751,0.180885865397784,0.594028310058453
"861","Peros_Banhos_Coin","Anous_tenuirostris",10,606.43578454776,86.667719198673,3952.56914220955,1991.53219330698,302.071007121686,12651.0489555218,127.5,90,0.1085,5.96602436270199,0.00762247347987572,0.462254068496293,1.51804013278012
"863","Peros_Banhos_Monpatre_complex","Anous_tenuirostris",0,349.614396770092,55.9580952341459,2149.93991702288,1159.99744538137,188.07852630383,6939.81365175726,4.5,90,0.1085,5.96602436270199,0,7.55062499142786,25.0524743317387
"864","Peros_Banhos_Poule","Anous_tenuirostris",0,654.984052081898,89.821283455912,5066.26221899767,2154.4548932011,325.407558745885,14881.3487536865,108,90,0.1085,5.96602436270199,0,0.589403997461866,1.93874083249469
"865","Peros_Banhos_Petit_Souer","Anous_tenuirostris",0,541.584497979874,100.740937237079,2932.66890952245,1789.70891632362,349.97430787113,8653.29099155673,41.5,90,0.1085,5.96602436270199,0,1.26830654892249,4.191219556145
"866","Peros_Banhos_Grand_Souer","Anous_tenuirostris",0,596.910075990011,97.2060094105902,3861.3407192574,1927.79748240792,340.526452821308,11265.3970636832,64,90,0.1085,5.96602436270199,0,0.90643161105206,2.92743689216993
"871","Peros_Banhos_Pierre","Anous_tenuirostris",0,694.041275202747,85.240707925428,6212.32194033428,2280.93887703628,312.090177552453,16713.7141954638,150,90,0.1085,5.96602436270199,0,0.449676453204626,1.47784366845126
"872","Peros_Banhos_Petite_Mapou","Anous_tenuirostris",0,413.488620668662,79.4670873890285,2039.89779561556,1350.54949707862,276.203576182342,6404.51745284131,10,90,0.1085,5.96602436270199,0,4.01855270772852,13.1255228490451
"873","Peros_Banhos_Grande_Mapou","Anous_tenuirostris",15,461.839818396163,88.5696693243608,2313.96910805645,1531.10082986064,328.886823529612,7155.97535957015,19.5,90,0.1085,5.96602436270199,0.0747588745141657,2.30177500194159,7.63089165387244
"874","Peros_Banhos_Diamant","Anous_tenuirostris",15,626.887033662531,90.9926970170211,4353.43594416522,2058.40110326785,356.487270470163,11982.9223867875,88.5,90,0.1085,5.96602436270199,0.0164722943844772,0.688417850953392,2.26043926229071
"875","Peros_Banhos_Passe","Anous_tenuirostris",40,700.331565705272,169.375960313071,4336.82825315416,2299.88548603086,572.417441356208,14232.13216708,22.5,90,0.1085,5.96602436270199,0.17277606554385,3.02501331246802,9.93412913694541
"876","Peros_Banhos_Moresby","Anous_tenuirostris",105,757.459005418002,149.135230513173,6097.03623309551,2487.49172268121,607.844866658205,15051.3953835785,43.5,90,0.1085,5.96602436270199,0.234588192441003,1.69229465646827,5.55748749462611
"884","Peros_Banhos_Yeye","Anous_tenuirostris",55,537.506616337081,90.8319655389063,3236.44057899544,1765.16913715618,340.246075029729,8139.81314652038,58.5,90,0.1085,5.96602436270199,0.0913719577395359,0.892964215139504,2.93249017824305
"889","Peros_Banhos_Fouquet","Anous_tenuirostris",0,297.047182170385,30.6445777290464,2832.61051399063,975.501514417733,100.548155161349,9092.78636672098,2,90,0.1085,5.96602436270199,0,14.4344934608305,47.402806948077
"890","Peros_Banhos_Mapou_de_Coin","Anous_tenuirostris",0,297.846532762509,32.3085029700754,2503.5206216504,985.970451686258,118.965175380365,7782.99422134814,2,90,0.1085,5.96602436270199,0,14.4733365187266,47.9115268269874
"891","Salomon_Islands_Boddam","Anous_tenuirostris",10,704.831999922937,121.660460870308,4520.42377351426,2314.66489030863,373.091050726759,15719.7696369599,108.5,90,0.1085,5.96602436270199,0.00895728450400142,0.631338075083406,2.07331119539176
"892","Salomon_Islands_Diable","Anous_tenuirostris",0,227.780707891861,11.662748042918,3913.71941852453,748.030746766013,40.9688926103825,12710.7537026422,0.5,90,0.1085,5.96602436270199,0,44.2744363308922,145.397035498567
"893","Salomon_Islands_Anglaise","Anous_tenuirostris",10,530.343912001136,89.301415853616,2887.8180900758,1741.64685064268,303.143921294395,8854.51125838759,75.5,90,0.1085,5.96602436270199,0.0128723889891941,0.682679313332955,2.24191557432774
"896","Salomon_Islands_Takamaka","Anous_tenuirostris",100,687.13459243983,127.436187503887,4786.86492381557,2256.54668943933,541.911976386659,11918.2705282291,44,90,0.1085,5.96602436270199,0.220878492882762,1.51773253185721,4.98422631882946
"897","Salomon_Islands_Fouquet","Anous_tenuirostris",0,492.272050590632,83.8494357613186,2543.25518684242,1616.61904128495,320.281471701063,7087.21825149478,39.5,90,0.1085,5.96602436270199,0,1.21119533655739,3.97755964703854
"898","Salomon_Islands_Sepulture","Anous_tenuirostris",0,230.914770530058,11.5935031875202,3873.24126316509,758.322993363011,38.9132746469632,12662.718300907,0.5,90,0.1085,5.96602436270199,0,44.8836137191623,147.397571105283
"901","Salomon_Islands_Poule","Anous_tenuirostris",0,227.748619616381,12.1709695252931,4178.70528369207,747.92536902401,38.8149288322609,13348.3968474011,0.5,90,0.1085,5.96602436270199,0,44.2681992341563,145.37655290295
"908","Great_Chagos_Bank_Eagle_Island","Gygis_alba",20,20,20,20,20,20,20,243.5,131.7,0.12,6.35694527088746,0.0124464028159207,0.0124464028159207,0.0124464028159207
"914","Peros_Banhos_Coin","Gygis_alba",20,20,20,20,20,20,20,127.5,131.7,0.12,6.35694527088746,0.0237701889072681,0.0237701889072681,0.0237701889072681
"916","Peros_Banhos_Monpatre_complex","Gygis_alba",2,2,2,2,2,2,2,4.5,131.7,0.12,6.35694527088746,0.0673488685705929,0.0673488685705929,0.0673488685705929
"917","Peros_Banhos_Poule","Gygis_alba",2,2,2,2,2,2,2,108,131.7,0.12,6.35694527088746,0.00280620285710804,0.00280620285710804,0.00280620285710804
"918","Peros_Banhos_Petit_Souer","Gygis_alba",4,4,4,4,4,4,4,41.5,131.7,0.12,6.35694527088746,0.0146057787261527,0.0146057787261527,0.0146057787261527
"919","Peros_Banhos_Grand_Souer","Gygis_alba",4,4,4,4,4,4,4,64,131.7,0.12,6.35694527088746,0.00947093464273963,0.00947093464273963,0.00947093464273963
"924","Peros_Banhos_Pierre","Gygis_alba",3,3,3,3,3,3,3,150,131.7,0.12,6.35694527088746,0.00303069908567668,0.00303069908567668,0.00303069908567668
"925","Peros_Banhos_Petite_Mapou","Gygis_alba",2,2,2,2,2,2,2,10,131.7,0.12,6.35694527088746,0.0303069908567668,0.0303069908567668,0.0303069908567668
"926","Peros_Banhos_Grande_Mapou","Gygis_alba",10,10,10,10,10,10,10,19.5,131.7,0.12,6.35694527088746,0.0777102329660688,0.0777102329660688,0.0777102329660688
"927","Peros_Banhos_Diamant","Gygis_alba",10,10,10,10,10,10,10,88.5,131.7,0.12,6.35694527088746,0.017122593704388,0.017122593704388,0.017122593704388
"928","Peros_Banhos_Passe","Gygis_alba",15,15,15,15,15,15,15,22.5,131.7,0.12,6.35694527088746,0.101023302855889,0.101023302855889,0.101023302855889
"929","Peros_Banhos_Moresby","Gygis_alba",25,25,25,25,25,25,25,43.5,131.7,0.12,6.35694527088746,0.0870890541861116,0.0870890541861116,0.0870890541861116
"937","Peros_Banhos_Yeye","Gygis_alba",45,45,45,45,45,45,45,58.5,131.7,0.12,6.35694527088746,0.116565349449103,0.116565349449103,0.116565349449103
"942","Peros_Banhos_Fouquet","Gygis_alba",3,3,3,3,3,3,3,2,131.7,0.12,6.35694527088746,0.227302431425751,0.227302431425751,0.227302431425751
"943","Peros_Banhos_Mapou_de_Coin","Gygis_alba",5,5,5,5,5,5,5,2,131.7,0.12,6.35694527088746,0.378837385709585,0.378837385709585,0.378837385709585
"944","Salomon_Islands_Boddam","Gygis_alba",30,30,30,30,30,30,30,108.5,131.7,0.12,6.35694527088746,0.0418990657005993,0.0418990657005993,0.0418990657005993
"945","Salomon_Islands_Diable","Gygis_alba",0,0,0,0,0,0,0,0.5,131.7,0.12,6.35694527088746,0,0,0
"946","Salomon_Islands_Anglaise","Gygis_alba",15,15,15,15,15,15,15,75.5,131.7,0.12,6.35694527088746,0.0301062823080465,0.0301062823080465,0.0301062823080465
"949","Salomon_Islands_Takamaka","Gygis_alba",25,25,25,25,25,25,25,44,131.7,0.12,6.35694527088746,0.0860994058430876,0.0860994058430876,0.0860994058430876
"950","Salomon_Islands_Fouquet","Gygis_alba",10,10,10,10,10,10,10,39.5,131.7,0.12,6.35694527088746,0.0383632795655276,0.0383632795655276,0.0383632795655276
"951","Salomon_Islands_Sepulture","Gygis_alba",1,1,1,1,1,1,1,0.5,131.7,0.12,6.35694527088746,0.303069908567668,0.303069908567668,0.303069908567668
"954","Salomon_Islands_Poule","Gygis_alba",1,1,1,1,1,1,1,0.5,131.7,0.12,6.35694527088746,0.303069908567668,0.303069908567668,0.303069908567668
